epoch,train_loss,val_loss,train_acc,val_acc
1, 0.471837, 0.300530, 0.8273, 0.8874
2, 0.309102, 0.247663, 0.8875, 0.9083
3, 0.269472, 0.225624, 0.9032, 0.9168
4, 0.242817, 0.205256, 0.9117, 0.9252
5, 0.222256, 0.228741, 0.9188, 0.9180
6, 0.208424, 0.193631, 0.9230, 0.9296
7, 0.191573, 0.207240, 0.9294, 0.9248
8, 0.181540, 0.193477, 0.9330, 0.9308
9, 0.168025, 0.185651, 0.9389, 0.9342
10, 0.159679, 0.198585, 0.9412, 0.9326
